"SNID",
"1P_JAR",
"NID",
"SNID",
"1P_JAR",
"NID",
"fr",
"sb",
"session-id",
"i18n-prefs",
"ubid-acbin",
"csm-hit",
"session-token",
"session-id-time",
"T",
"demdex",
"AMCVS_17EB401053DAF4840A490D4C%40AdobeOrg",
"gpv_pn",
"gpv_pn_t",
"s_cc",
"AMCV_17EB401053DAF4840A490D4C%40AdobeOrg",
"S",
"SN",
"WMF-Last-Access",
"WMF-Last-Access-Global",
"GeoIP",
"RRC",
"B",
"GUC",
"A1",
"A3",
"A1S",
"UID",
"UIDR",
"CP3",
"IDSYNC",
"demdex",
"APID",
"dpm",
"bkdc",
"bkpa",
"bku",
"ab",
"session-id",
"session-id-time",
"i18n-prefs",
"sp-cdn",
"skin",
"ubid-main",
"abid",
"csm-hit",
"session-token",
"optout",
"_ga",
"_gid",
"UID",
"UIDR",
"_gat",
"_fbp",
"geo_continent",
"geo_country",
"deviceid",
"lgc_deviceid",
"bm_sz",
"_abck",
"fr",
"__gads",
"IDE",
"pbjs_debug",
"GPS",
"YSC",
"VISITOR_INFO1_LIVE",
"IDE",
"ig_did",
"csrftoken",
"mid",
"dtCookie",
"imc3",
"imc2",
"session-id-time",
"session-id",
"lc-main-av",
"csm-hit",
"ubid-main-av",
"wa_lang_pref",
"wa_ul",
"wa_csrf",
"prov",
"UID",
"UIDR",
"_ga",
"_gid",
"_gat",
"mc",
"__qca",
"userUP",
"AK_SERVER_TIME",
"geo",
"hs_uid",
"device_id",
"OAID",
"nfvdid",
"memclid",
"flwssn",
"clSharedContext",
"SecureNetflixId",
"NetflixId",
"cL",
"fr",
"test_cookie",
"__cfduid",
"_ga",
"_gid",
"_gat",
"_gat_gtag_UA_1438574_30",
"__gads",
"mc",
"__qca",
"IDE",
"DSID",
"__cfruid",
"__cfduid",
"at_check",
"demdex",
"AMCVS_3817033753EE89720A490D4D%40AdobeOrg",
"mbox",
"ab",
"gpv_pn",
"s_getNewRepeat",
"s_cc",
"AWSALBCORS",
"dpm",
"_gcl_au",
"AMCV_3817033753EE89720A490D4D%40AdobeOrg",
"AAMC_hdfcbank_0",
"aam_uuid",
"_ga",
"_gid",
"_gat_UA-23795917-13",
"IDE",
"rlas3",
"pxrc",
"mako_uid",
"SERVERID",
"_fbp",
"UID",
"UIDR",
"fr",
"dextp",
"zc",
"zsc",
"_cc_dc",
"_cc_id",
"_cc_cc",
"_cc_aud",
"NID",
"__Host-GAPS",
"_ga",
"_gid",
"_gat",
"ClientId",
"logonLatency",
"optimizelyEndUserId",
"MC1",
"MS0",
"MSFPC",
"MUID",
"OH.SID",
"OH.DCAffinity",
"p.UnAuthUserCookie",
"MC1",
"MS0",
"MSFPC",
"personalization_id",
"guest_id",
"gt",
"ct0",
"_twitter_sess",
"_ga",
"_gid",
"JSESSIONID",
"lang",
"bcookie",
"bscookie",
"lissc",
"lidc",
"G_ENABLED_IDPS",
"UID",
"UIDR",
"_ga",
"_gid",
"_gat",
"demdex",
"AMCVS_14215E3D5995C57C0A495C55%40AdobeOrg",
"AMCV_14215E3D5995C57C0A495C55%40AdobeOrg",
"dextp",
"aam_uuid",
"personalization_id",
"fr",
"IDE",
"dpm",
"JSESSIONID",
"cs-token",
"mccmdealsOfferSetCount",
"DefaultOfferNotificationSet",
"_vwo_uuid_v2",
"_ga",
"_gid",
"_gcl_au",
"tvc_im",
"rn",
"Count-Time",
"li_sugr",
"lang",
"lidc",
"_vis_opt_s",
"_vis_opt_test_cookie",
"_vwo_uuid",
"_dc_gtm_UA-17906056-1",
"_gat_UA-17906056-1",
"u",
"_vwo_ds",
"UserMatchHistory",
"bc.visitor_token",
"bc.visitorToken",
"7A86E85F",
"IDE",
"lang",
"bcookie",
"bscookie",
"lissc",
"_fbp",
"fr",
"_vwo_sn",
"ONERFSSO",
"isFirstSession",
"X-FD-FEATURES",
"X-FD-Time",
"akacd_OneRF",
"check",
"mbox",
"mboxEdgeCluster",
"MC1",
"MS0",
"MSFPC",
"graceIncr",
"demdex",
"AMCVS_EA76ADE95776D2EC7F000101%40AdobeOrg",
"uaid",
"MSPRequ",
"MUID",
"MR",
"SRM_B",
"SRM_I",
"SM",
"MUID",
"MR",
"ANONCHK",
"rlas3",
"IDE",
"dpm",
"personalization_id",
"TDID",
"pxrc",
"AMCV_EA76ADE95776D2EC7F000101%40AdobeOrg",
"AAMC_mscom_0",
"uuid",
"TDCPM",
"d",
"mc",
"si",
"p2",
"A3",
"flashtalkingad1",
"ruds",
"eud",
"rud",
"ANON_ID",
"tluid",
"visitor",
"status",
"_cc_dc",
"_cc_id",
"_cc_cc",
"_cc_aud",
"GLOBALID",
"adtheorent[cuid]",
"dextp",
"zm_gnl_ruid",
"zm_gnl_guid_v2",
"_zm_page_auth",
"_zm_ssid",
"_zm_csp_script_nonce",
"_zm_currency",
"_zm_mtk_guid",
"cred",
"_zm_lang",
"_zm_cdn_blocked",
"_ga",
"_gid",
"notice_behavior",
"loid",
"d2_token",
"csv",
"edgebucket",
"aax-vsid",
"mnet_session_depth",
"__aaxsc",
"UID",
"UIDR",
"pxrc",
"session_tracker",
"mc",
"thirdparty",
"r1",
"A18ID",
"UID",
"UIDR",
"_gid",
"_gat",
"_gcl_au",
"_ga",
"_ga_4S48PBY299",
"_fbp",
"fr",
"IDE",
"IZCID",
"u2",
"obuid",
"OB-USER-TOKEN",
"__gads",
"demdex",
"samsungindiaelectronics",
"TDID",
"dpm",
"bkdc",
"bkpa",
"bku",
"TDCPM",
"ab",
"tuuid",
"c",
"tuuid_lu",
"_kuid_",
"ssh",
"zuid",
"did",
"didts",
"nnls",
"pxrc",
"UserID1",
"mako_uid",
"SERVERID",
"ttd",
"EE",
"mdfrc",
"actvagnt",
"pxrc",
"zmnta",
"udo",
"ud",
"tuuid_lu",
"u",
"ts",
"tuuid",
"c",
"gdpid",
"uid",
"uuid",
"partners",
"rtbhs",
"adot",
"GLOBALID",
"COu",
"khaos",
"audit",
"tuuid",
"c",
"tuuid_lu",
"rbcn",
"cookie_born",
"_EDGE_S",
"_EDGE_V",
"MUIDB",
"SRCHD",
"SRCHUID",
"SRCHUSR",
"_SS",
"MUID",
"_HPVN",
"SRCHHPGUSR",
"MUIDB",
"ipv6",
"AKA_A2",
"cr_value",
"cr_default",
"test_cookie",
"__gads",
"AWSELB",
"PHPSESSID",
"AWSELB",
"AWSELBCORS",
"_ga",
"_gid",
"_gat",
"UID",
"UIDR",
"_gh_sess",
"_octo",
"logged_in",
"_ga",
"_gat",
"tz",
"__cfduid",
"__cfruid",
"ud_cache_modern_browser",
"ud_cache_user",
"__udmy_2_v57r",
"ud_cache_release",
"ud_cache_language",
"ud_cache_brand",
"ud_cache_logged_in",
"ud_cache_campaign_code",
"ud_cache_version",
"ud_cache_price_country",
"ud_cache_marketplace_country",
"ud_firstvisit",
"seen",
"EUCookieMessageShown",
"EUCookieMessageState",
"ud_cache_device",
"_ga",
"_gid",
"_gat",
"eventing_session_id",
"ud_rule_vars",
"evi",
"SSE_price_2020_q2_test_1_20200512",
"tk_ai",
"landingpage_currency",
"tk_tc",
"ccpa_applies",
"tk_qs",
"country_code",
"dcmsid",
"_gcl_au",
"MUID",
"MR",
"_uetsid",
"_uetvid",
"_fbp",
"fr",
"IDE",
"AMP_TOKEN",
"_ga",
"_gid",
"_pinterest_ct_ua",
"_pin_unauth",
"_dc_gtm_UA-10673494-10",
"_cb_ls",
"UID",
"UIDR",
"has_js",
"_gid",
"_ga",
"_gat",
"ZCBC",
"FFgip",
"FFgb",
"ZEDOIDA",
"FFIDA",
"IZCID",
"FFcat",
"FFad",
"_s",
"sp",
"CMID",
"CMPS",
"CMDD",
"_cb",
"_chartbeat2",
"_cb_svref",
"KTPCACOOKIE",
"pi",
"IDE",
"__gads",
"KADUSERCOOKIE",
"chkChromeAb67Sec",
"DPSync3",
"SyncRTB3",
"A3",
"TDID",
"suid",
"zzSKAd3098597",
"mc",
"KRTBCOOKIE_80",
"PugT",
"KRTBCOOKIE_153",
"KRTBCOOKIE_377",
"CMPRO",
"uuid",
"KRTBCOOKIE_27",
"uid",
"TDCPM",
"d",
"KRTBCOOKIE_22",
"PUBMDCID",
"si",
"p2",
"did",
"didts",
"nnls",
"pxrc",
"rlas3",
"pxrc",
"tuuid",
"c",
"tuuid_lu",
"SPugT",
"CMST",
"CMRUM3",
"_t_s",
"_t_ds",
"_t_us",
"test",
"_t_us",
"_t_s",
"PHPSESSID",
"_t_ds",
"_t_r",
"_ga",
"_gid",
"_gat_gtag_UA_182658_1",
"_gat_UA-182658-1",
"_fbp",
"fr",
"IDE",
"ubid-main",
"session-id",
"session-id-time",
"session-token",
"csm-hit",
"UID",
"UIDR",
"m-b",
"m-b_lax",
"m-b_strict",
"m-s",
"m-uid",
"m-ans_frontend_early_version",
"m-tz",
"G_ENABLED_IDPS",
"_ga",
"_gid",
"1P_JAR",
"PHPSESSID",
"_gaexp",
"_gat",
"CMID",
"CMST",
"CMDD",
"uid",
"ljtrtb",
"ljt_reader",
"vs",
"TestIfCookie",
"TestIfCookieP",
"pbw",
"sasd2",
"sasd",
"x-smrt-d",
"VISITOR_INFO1_LIVE",
"YSC",
"__atuvc",
"__atuvs",
"_gcl_au",
"uvc",
"tfw_exp",
"ouid",
"di2",
"bt2",
"um",
"uid",
"na_id",
"vc",
"IDE",
"_ga",
"_gid",
"_gat_UA-30222631-2",
"loc",
"taboola_session_id",
"taboola_session_id",
"grauth",
"csrf-token",
"gnar_containerId",
"funnelType",
"browser_info",
"redirect_location",
"_ga",
"_gid",
"ga_clientId",
"_gcl_au",
"_gat",
"fr",
"MUID",
"MR",
"_uetsid",
"_uetvid",
"_fbp",
"t_gid",
"li_sugr",
"lang",
"lidc",
"test_cookie",
"UserMatchHistory",
"lang",
"bcookie",
"bscookie",
"lissc",
"personalization_id",
"ikaue_gr_ga",
"limit-user",
"gr_lang",
"_gcl_au",
"MUID",
"MR",
"sc_is_visitor_unique",
"_rdt_uuid",
"_uetsid",
"_uetvid",
"_ga",
"_gid",
"C",
"IDE",
"is_unique",
"_fbp",
"ikaue_gr_ga",
"_gat_UA-19303147-22",
"uid",
"_dc_gtm_UA-19303147-22",
"uid",
"fr",
"OptanonConsent",
"_pin_unauth",
"test_ab-test-sponsor-row-detail",
"uuid",
"_gaexp",
"mt_misc",
"__hstc",
"hubspotutk",
"__hssrc",
"__hssc",
"tluid",
"personalization_id",
"A3",
"APID",
"SCM",
"KRTBCOOKIE_97",
"PugT",
"PUBMDCID",
"SCMaps",
"SCM1001851",
"__ID",
"v1_151",
"cookieJartestCookie",
"visitor-id",
"data-c",
"ouid",
"uid",
"na_id",
"obuid",
"criteo",
"stx_user_id",
"khaos",
"audit",
"visitor",
"status",
"CMID",
"CMPS",
"uid",
"aws-priv",
"aws_lang",
"awsccc",
"s_fid",
"s_dslv_s",
"s_depth",
"s_vn",
"s_invisit",
"regStatus",
"s_cc",
"aws-target-session-id",
"aws-target-data",
"s_vi",
"aws-target-visitor-id",
"li_sugr",
"lang",
"lidc",
"UserMatchHistory",
"lang",
"bcookie",
"bscookie",
"lissc",
"aws-csds-token",
"VISITOR_INFO1_LIVE",
"YSC",
"IDE",
"s_dslv",
"s_nr",
"taboola_session_id",
"__usrCntry",
"updateNewscookie",
"_gid",
"UID",
"UIDR",
"t_gid",
"__gads",
"ljt_reader",
"_gat_site",
"_gat_combined",
"tvc_universalCookie",
"tvc_universalCookie_gid",
"_tb_sess_r",
"_tb_t_ppg",
"_ga_3X0HPFNQW2",
"trc_cookie_storage",
"_ga",
"tfw_exp",
"IDE",
"i",
"DotomiTest",
"INGRESSCOOKIE",
"KTPCACOOKIE",
"pi",
"KADUSERCOOKIE",
"chkChromeAb67Sec",
"DPSync3",
"SyncRTB3",
"uids",
"TDID",
"A3",
"suid",
"TDCPM",
"d",
"mc",
"PUBMDCID",
"KRTBCOOKIE_80",
"PugT",
"rlas3",
"KRTBCOOKIE_377",
"KRTBCOOKIE_153",
"uid",
"did",
"didts",
"nnls",
"pxrc",
"KRTBCOOKIE_22",
"uuid",
"KRTBCOOKIE_27",
"SPugT",
"pxrc",
"khaos",
"audit",
"pux"
